settlement_id,payment_id,settlement_date,amount,currency
stl_0001,pay_0001,2026-08-26,1484.36,EUR
stl_0002,pay_0002,2026-08-26,869.68,EUR
stl_0003,pay_0003,2026-08-25,1871.23,USD
stl_0004,pay_0004,2026-08-26,4365.17,EUR
stl_0005,pay_0005,2026-08-26,2109.10,USD
stl_0006,pay_0006,2026-08-26,4467.70,EUR
stl_0007,pay_0007,2026-08-26,4281.51,EUR
stl_0008,pay_0008,2026-08-27,426.50,ILS
stl_0009,pay_0009,2026-08-27,11462.25,ILS
stl_0010,pay_0010,2026-08-26,1452.82,EUR
stl_0011,pay_0011,2026-08-26,2296.17,EUR
stl_0012,pay_0012,2026-08-27,370.30,USD
stl_0013,pay_0013,2026-08-27,5470.65,ILS
stl_0014,pay_0014,2026-08-26,1756.35,USD
stl_0015,pay_0015,2026-08-27,350.59,USD
stl_0016,pay_0016,2026-08-27,1582.92,EUR
stl_0017,pay_0017,2026-08-27,636.36,EUR
stl_0018,pay_0018,2026-08-27,2623.68,USD
stl_0019,pay_0019,2026-08-27,148.09,EUR
stl_0020,pay_0020,2026-08-26,2701.39,ILS
stl_0021,pay_0021,2026-08-31,4625.90,USD
stl_0022,pay_0022,2026-08-31,2743.11,EUR
stl_0023,pay_0023,2026-08-31,1244.17,EUR
stl_0024,pay_0024,2026-08-31,3038.09,USD
stl_0025,pay_0025,2026-08-29,11257.46,ILS
stl_0026,pay_0026,2026-09-02,2703.04,EUR
stl_0027,pay_0027,2026-08-30,2194.86,USD
stl_0028,pay_0028,2026-08-28,10225.84,ILS
stl_0029,pay_0029,2026-08-31,3552.20,USD
stl_0030,pay_0030,2026-08-30,18420.27,ILS
stl_0031,pay_0031,2026-08-28,18315.47,ILS
stl_0032,pay_0032,2026-08-31,979.03,ILS
stl_0033,pay_0033,2026-09-01,3795.59,EUR
stl_0034,pay_0034,2026-09-01,1432.21,EUR
stl_0035,pay_0036,2026-09-02,3143.91,EUR
stl_0036,pay_0037,2026-09-02,3498.88,EUR
stl_0037,pay_0040,2026-08-31,3765.63,EUR
stl_0038,pay_0041,2026-09-02,4755.25,EUR
stl_0039,pay_0042,2026-09-02,2320.28,EUR
stl_0040,pay_0043,2026-08-31,4580.08,USD
stl_0041,pay_0044,2026-09-02,3998.93,EUR
stl_0042,pay_0045,2026-08-31,5582.65,ILS
stl_0043,pay_0046,2026-09-02,3127.96,USD
stl_0044,pay_0047,2026-09-02,2946.42,USD
stl_0045,pay_0048,2026-09-01,879.58,EUR
stl_0046,pay_0049,2026-09-02,431.84,EUR
stl_0047,pay_0050,2026-09-02,3095.00,USD
stl_0048,pay_0051,2026-09-02,131.13,EUR
stl_0049,pay_0052,2026-09-02,4147.35,USD
stl_0050,pay_0053,2026-09-01,3576.64,USD
stl_0051,pay_0055,2026-09-02,221.94,EUR
stl_0052,pay_0056,2026-09-02,2663.98,EUR
stl_0053,pay_0057,2026-09-02,1134.45,USD
stl_0054,pay_0058,2026-09-02,3110.77,EUR
stl_0055,pay_0059,2026-09-03,3956.37,EUR
stl_0056,pay_0060,2026-09-05,4434.47,EUR
stl_0057,pay_0061,2026-09-04,2209.88,ILS
stl_0058,pay_0062,2026-09-04,12556.06,ILS
stl_0059,pay_0063,2026-09-04,2545.59,USD
stl_0060,pay_0064,2026-09-02,12117.10,ILS
stl_0061,pay_0065,2026-09-03,489.33,EUR
stl_0062,pay_0066,2026-09-03,3473.33,EUR
stl_0063,pay_0067,2026-09-03,4601.93,EUR
stl_0064,pay_0068,2026-09-03,1050.43,EUR
stl_0065,pay_0069,2026-09-03,16591.72,ILS
stl_0066,pay_0070,2026-09-04,2862.56,EUR
stl_0067,pay_0071,2026-09-03,2635.72,USD
stl_0068,pay_0072,2026-09-05,6484.89,ILS
stl_0069,pay_0073,2026-09-05,11627.91,ILS
stl_0070,pay_0075,2026-09-04,3411.95,USD
stl_0071,pay_0076,2026-09-05,308.96,EUR
stl_0072,pay_0077,2026-09-04,2404.55,EUR
stl_0073,pay_0078,2026-09-04,10102.32,ILS
stl_0074,pay_0079,2026-09-07,4643.84,USD
stl_0075,pay_0080,2026-09-04,4548.94,ILS
stl_0076,pay_0081,2026-09-04,4764.43,USD
stl_0077,pay_0082,2026-09-07,1175.38,EUR
stl_0078,pay_0084,2026-09-07,4212.42,EUR
stl_0079,pay_0085,2026-09-07,3046.33,EUR
stl_0080,pay_0086,2026-09-08,974.20,EUR
stl_0081,pay_0087,2026-09-07,11258.93,ILS
stl_0082,pay_0088,2026-09-08,592.07,EUR
stl_0083,pay_0089,2026-09-08,5005.80,USD
stl_0084,pay_0090,2026-09-08,4984.72,USD
stl_0085,pay_0091,2026-09-07,4735.71,USD
stl_0086,pay_0092,2026-09-07,3552.32,USD
stl_0087,pay_0093,2026-09-07,1345.33,EUR
stl_0088,pay_0094,2026-09-09,4376.85,USD
stl_0089,pay_0095,2026-09-08,331.72,USD
stl_0090,pay_0096,2026-09-09,4101.49,EUR
stl_0091,pay_0099,2026-09-09,4199.74,EUR
stl_0092,pay_0100,2026-09-09,820.78,USD
stl_0093,pay_0102,2026-09-10,3197.44,ILS
stl_0094,pay_0103,2026-09-08,16005.27,ILS
stl_0095,pay_0104,2026-09-15,1426.37,EUR
stl_0096,pay_0105,2026-09-08,943.34,ILS
stl_0097,pay_0106,2026-09-09,1153.29,EUR
stl_0098,pay_0107,2026-09-08,925.77,USD
stl_0099,pay_0108,2026-09-10,458.42,EUR
stl_0100,pay_0109,2026-09-10,2170.57,EUR
stl_0101,pay_0110,2026-09-10,4577.31,EUR
stl_0102,pay_0111,2026-09-10,3267.00,EUR
stl_0103,pay_0112,2026-09-10,750.13,USD
stl_0104,pay_0113,2026-09-10,1336.38,EUR
stl_0105,pay_0114,2026-09-09,1786.00,USD
stl_0106,pay_0115,2026-09-10,3363.27,USD
stl_0107,pay_0116,2026-09-11,1512.76,EUR
stl_0108,pay_0117,2026-09-12,1084.11,USD
stl_0109,pay_0118,2026-09-12,8016.13,ILS
stl_0110,pay_0119,2026-09-12,3913.53,USD
stl_0111,pay_0120,2026-09-11,3605.09,USD
stl_0112,pay_0121,2026-09-11,1851.47,USD
stl_0113,pay_0122,2026-09-11,3832.01,USD
stl_0114,pay_0123,2026-09-10,15252.14,ILS
stl_0115,pay_0124,2026-09-14,4456.56,EUR
stl_0116,pay_0125,2026-09-14,4259.44,USD
stl_0117,pay_0126,2026-09-14,2210.89,EUR
stl_0118,pay_0127,2026-09-14,2473.98,EUR
stl_0119,pay_0128,2026-09-14,2277.37,USD
stl_0120,pay_0129,2026-09-14,2876.31,EUR
stl_0121,pay_0130,2026-09-13,418.65,ILS
stl_0122,pay_0131,2026-09-14,3449.35,EUR
stl_0123,pay_0132,2026-09-15,511.34,EUR
stl_0124,pay_0133,2026-09-15,2704.38,USD
stl_0125,pay_0134,2026-09-14,12877.48,ILS
stl_0126,pay_0135,2026-09-14,14817.99,ILS
stl_0127,pay_0136,2026-09-15,1914.69,USD
stl_0128,pay_0137,2026-09-14,412.77,USD
stl_0129,pay_0138,2026-09-15,1417.90,EUR
stl_0130,pay_0139,2026-09-14,18986.40,ILS
stl_0131,pay_0140,2026-09-14,12177.38,ILS
stl_0132,pay_0141,2026-09-15,4276.04,EUR
stl_0133,pay_0142,2026-09-16,802.52,EUR
stl_0134,pay_0143,2026-09-15,2136.08,USD
stl_0135,pay_0144,2026-09-16,353.82,EUR
stl_0136,pay_0145,2026-09-16,3037.27,EUR
stl_0137,pay_0147,2026-09-16,4564.21,EUR
stl_0138,pay_0149,2026-09-16,1479.86,EUR
stl_0139,pay_0150,2026-09-16,3676.90,USD
stl_0140,pay_0153,2026-09-16,1576.31,EUR
stl_0141,pay_0154,2026-09-15,18934.58,ILS
stl_0142,pay_0159,2026-09-16,9890.84,ILS
stl_0143,pay_0227,2026-09-17,3030.24,EUR
stl_0144,pay_0228,2026-09-17,4143.66,EUR
stl_0145,pay_0229,2026-09-17,5051.69,USD
stl_0146,pay_0230,2026-09-17,3450.75,EUR
stl_0147,pay_0231,2026-09-17,1220.50,USD
stl_0148,pay_0232,2026-09-17,2731.58,USD
stl_0149,pay_0233,2026-09-17,12300.09,ILS
stl_0150,pay_0234,2026-09-17,2722.07,ILS
stl_0151,pay_0235,2026-09-17,13999.61,ILS
stl_0152,pay_0236,2026-09-17,2196.19,USD
stl_0153,pay_0237,2026-09-17,8699.84,ILS
stl_0154,pay_0238,2026-09-17,2409.68,EUR
stl_0155,pay_0239,2026-09-17,11696.86,ILS
stl_0156,pay_0240,2026-09-17,7124.71,ILS
stl_0157,pay_0241,2026-09-17,8157.31,ILS
stl_0158,pay_0242,2026-09-17,2640.20,USD
stl_0159,pay_0243,2026-09-17,8512.02,ILS
